{"disk": {"mux": 67.67123062398139, "muy": 66.42925652315009, "q": 0.5066812196617194, "roll": 1.3412969284930465, "Re": 30.954606552601703, "I": 0.10800000000000001}, "bar": {"mux": 66.96306227730454, "muy": 66.1140210115531, "q": 0.33175053117049247, "roll": 0.9217655578473954, "Re": 4.1877282256087645, "I": 0.4866602533338496, "n": 0.8, "c": 3.0}, "spiral": {"I.0": 0.462962962962963, "spread.0": 1.5811388300841898, "A.0": 9.572888732087263, "phi.0": 20.0, "t_min.0": 0.32288614435860286, "t_max.0": 2.965410360857193, "I.1": 0.462962962962963, "spread.1": 1.5811388300841898, "A.1": 30.549292838899973, "phi.1": 17.61559130800479, "t_min.1": -3.4635495849732933, "t_max.1": -0.9999843894210629}}